response#dim1	
0.007915306	6.461639426
0.026840324	-2.380443762
0.246916633	-1.464348629
0.009991324	3.705205303
0.032188356	12.03495837
0.779876674	9.725725191
0.377828963	10.72488376
0.007076704	12.57499705
1.16E-06	14.68612794
1.507704269	0.010020187
0.0003339	5.551253418
0.001900168	12.97639746
0.00126489	4.295847804
2.57E-07	14.9680507
0.080152289	-1.971620965
1.69585526	0.430127843
0.774769203	9.246833869
2.62E-05	-4.207509922
0.012670525	12.37935177
0.000113587	5.237903974
